[

{"name":"洪宇的更新包",
"list":[
            {
                "name": "洪宇分享正片接口","url": "https://daili.korice.eu.org/https://raw.githubusercontent.com/hb092433/1993/refs/heads/1993/filezp.zip","version": "正片","icon":"https://daili.korice.eu.org/https://raw.githubusercontent.com/qq859/cj/refs/heads/main/%E5%9B%BE%E7%89%87/HYTV.png","copy":"https://daili.korice.eu.org/https://raw.githubusercontent.com/hb092433/1993/refs/heads/1993/filezp.zip"
            },
            
{"name":"最新更新包","url":"https://daili.korice.eu.org/https://raw.githubusercontent.com/hb092433/1/refs/heads/1993/1993/tvbox.zip","version":"洪宇的网络爬虫","icon":"https://daili.korice.eu.org/https://raw.githubusercontent.com/qq859/cj/refs/heads/main/%E5%9B%BE%E7%89%87/HYTV.png","copy":"https://daili.korice.eu.org/https://raw.githubusercontent.com/hb092433/1/refs/heads/1993/1993/tvbox.zip"}



]
},



















{"name":"洪宇全部列表",
"list":[
{"name":"🔞更新包","url":"https://daili.korice.eu.org/https://raw.githubusercontent.com/hb092433/1/refs/heads/1993/1993/tvbox.zip","version":"洪宇的网络爬虫","icon":"https://daili.korice.eu.org/https://raw.githubusercontent.com/qq859/cj/refs/heads/main/%E5%9B%BE%E7%89%87/HYTV.png","copy":"https://daili.korice.eu.org/https://raw.githubusercontent.com/hb092433/1/refs/heads/1993/1993/tvbox.zip"}






]
}

]
